"Event_ID","Event_Name","Event_Tour_1","Rank","OWGR_Rank","Player_Name","Player_ID","Projected_Rating","Projected_Stdev","Win_Rank","Win","Top_5","Top_10","Country","Rounds_Last_Year","Recent_Tour"
6319,"Olympic Golf Competition ","Rio 2016",3,5,"Henrik Stenson",5994,-2.30323609222447,2.38229086775382,1,0.1915,0.5275,0.7122,"SWE",96,"European Tour"
6319,"Olympic Golf Competition ","Rio 2016",6,12,"Justin Rose",6093,-1.87530835151115,2.32173167195513,2,0.0969,0.3663,0.5718,"ENG",88,"PGA Tour"
6319,"Olympic Golf Competition ","Rio 2016",8,11,"Sergio Garcia",5689,-1.82803876045392,2.27582569640329,3,0.093,0.351,0.5529,"ESP",79,"PGA Tour"
6319,"Olympic Golf Competition ","Rio 2016",9,20,"Matt Kuchar",6169,-1.74145657687221,2.17220905417516,4,0.0685,0.3188,0.5283,"USA",112,"PGA Tour"
6319,"Olympic Golf Competition ","Rio 2016",12,8,"Rickie Fowler",12965,-1.64754722864059,2.28093930368849,5,0.0679,0.2928,0.4923,"USA",91,"PGA Tour"
6319,"Olympic Golf Competition ","Rio 2016",11,6,"Bubba Watson",7334,-1.68138261028985,2.15300273431424,6,0.0619,0.2953,0.5091,"USA",94,"PGA Tour"
6319,"Olympic Golf Competition ","Rio 2016",15,14,"Patrick Reed",14838,-1.50181582014595,2.19774010726041,7,0.0501,0.2323,0.4337,"USA",122,"PGA Tour"
6319,"Olympic Golf Competition ","Rio 2016",23,9,"Danny Willett",12920,-1.28541160724635,2.35724923239995,8,0.0416,0.2041,0.3737,"ENG",90,"European Tour"
6319,"Olympic Golf Competition ","Rio 2016",29,50,"Martin Kaymer",8117,-1.14393952481888,2.27337814616169,9,0.0281,0.1579,0.3195,"GER",106,"European Tour"
6319,"Olympic Golf Competition ","Rio 2016",42,29,"Rafael Cabrera Bello",7457,-1.03550683097538,2.2711359845672,10,0.0247,0.1445,0.2959,"ESP",99,"European Tour"
6319,"Olympic Golf Competition ","Rio 2016",38,39,"Emiliano Grillo",12808,-1.063794920116,2.20120956040668,11,0.0199,0.1389,0.2965,"ARG",108,"PGA Tour"
6319,"Olympic Golf Competition ","Rio 2016",71,52,"David Lingmerth",14815,-0.72126112318812,2.4665732707358,12,0.0194,0.1077,0.2213,"SWE",103,"PGA Tour"
6319,"Olympic Golf Competition ","Rio 2016",60,35,"Byeong Hun An",14459,-0.880282645440258,2.29814775045878,13,0.0193,0.1199,0.2548,"KOR",102,"PGA Tour"
6319,"Olympic Golf Competition ","Rio 2016",52,58,"Bernd Wiesberger",9531,-0.919789917620262,2.27039235808512,14,0.016,0.1135,0.2508,"AUT",102,"European Tour"
6319,"Olympic Golf Competition ","Rio 2016",64,45,"Danny Lee",11826,-0.821378273658434,2.35400598776971,15,0.0158,0.1051,0.2286,"NZL",115,"PGA Tour"
6319,"Olympic Golf Competition ","Rio 2016",76,145,"Graham Delaet",10252,-0.681672691746246,2.37640067830833,16,0.0155,0.0923,0.2042,"CAN",62,"PGA Tour"
6319,"Olympic Golf Competition ","Rio 2016",65,66,"Joost Luiten",10158,-0.805705366463058,2.24854215096344,17,0.0145,0.0976,0.219,"NED",101,"European Tour"
6319,"Olympic Golf Competition ","Rio 2016",67,44,"Soren Kjeldsen",6149,-0.771994042768075,2.30059368620557,18,0.0144,0.0941,0.2124,"DEN",118,"PGA Tour"
6319,"Olympic Golf Competition ","Rio 2016",80,69,"Anirban Lahiri",12669,-0.632982439678978,2.33936588315901,19,0.0109,0.0788,0.1863,"IND",105,"PGA Tour"
6319,"Olympic Golf Competition ","Rio 2016",69,43,"Thongchai Jaidee",5973,-0.76248055334223,2.16264377926936,20,0.0105,0.089,0.2063,"THA",104,"European Tour"
6319,"Olympic Golf Competition ","Rio 2016",78,139,"David Hearn",7340,-0.662777822656943,2.1995395284101,21,0.0091,0.0692,0.1761,"CAN",93,"PGA Tour"
6319,"Olympic Golf Competition ","Rio 2016",111,80,"Jhonattan Vegas",13508,-0.431484207711311,2.37481648160594,22,0.0088,0.0599,0.1517,"VEN",93,"PGA Tour"
6319,"Olympic Golf Competition ","Rio 2016",132,64,"Thomas Pieters",13944,-0.306523851933236,2.43655821628812,22,0.0088,0.0548,0.1342,"BEL",85,"European Tour"
6319,"Olympic Golf Competition ","Rio 2016",87,107,"Gregory Bourdy",7932,-0.586821319005179,2.26422653827389,24,0.0079,0.0666,0.1705,"FRA",110,"European Tour"
6319,"Olympic Golf Competition ","Rio 2016",85,119,"Alex Cejka",4425,-0.594553636802469,2.17707522587844,25,0.0072,0.0595,0.1553,"GER",76,"PGA Tour"
6319,"Olympic Golf Competition ","Rio 2016",130,71,"Jaco Van Zyl",7105,-0.324828591094757,2.44403233925368,26,0.0066,0.0588,0.1392,"RSA",78,"European Tour"
6319,"Olympic Golf Competition ","Rio 2016",133,127,"Nicolas Colsaerts",6893,-0.306187607108206,2.4385492418014,27,0.0064,0.0528,0.1317,"BEL",100,"European Tour"
6319,"Olympic Golf Competition ","Rio 2016",197,78,"Scott Hend",1888,-0.0230125526434954,2.53668845622219,28,0.005,0.0383,0.1024,"AUS",116,"European Tour"
6319,"Olympic Golf Competition ","Rio 2016",170,60,"Kiradech Aphibarnrat",12321,-0.133408662157775,2.45182393123267,29,0.0049,0.0413,0.1003,"THA",108,"European Tour"
6319,"Olympic Golf Competition ","Rio 2016",147,128,"Padraig Harrington",5716,-0.225891279110082,2.32159608450812,30,0.0041,0.0377,0.1059,"IRL",99,"PGA Tour"
6319,"Olympic Golf Competition ","Rio 2016",175,95,"Yuta Ikeda",8236,-0.126527959762107,2.357786997043,31,0.0039,0.0374,0.0957,"JPN",107,"Japan Golf Tour"
6319,"Olympic Golf Competition ","Rio 2016",178,68,"Thorbjorn Olesen",13412,-0.10353380976306,2.43284820975203,31,0.0039,0.0384,0.0954,"DEN",86,"European Tour"
6319,"Olympic Golf Competition ","Rio 2016",155,133,"Julien Quesne",9131,-0.193753673797873,2.2976455858842,33,0.0037,0.038,0.1008,"FRA",79,"European Tour"
6319,"Olympic Golf Competition ","Rio 2016",120,203,"C.T. Pan",15475,-0.376956035795099,2.21999305509275,34,0.0036,0.0431,0.125,"TPE",101,"Web.com Tour"
6319,"Olympic Golf Competition ","Rio 2016",190,75,"Jeunghun Wang",15366,-0.0413938729300317,2.48453468818518,34,0.0036,0.0371,0.0957,"KOR",98,"European Tour"
6319,"Olympic Golf Competition ","Rio 2016",173,90,"Marcus Fraser",7070,-0.12931692314625,2.24937481213177,36,0.0033,0.031,0.0886,"AUS",85,"European Tour"
6319,"Olympic Golf Competition ","Rio 2016",205,153,"Fabrizio Zanotti",9842,0.00764417844651221,2.34713910145447,37,0.0032,0.0268,0.0744,"PAR",80,"European Tour"
6319,"Olympic Golf Competition ","Rio 2016",219,96,"Brandon Stone",15229,0.0518516523966788,2.34842310209621,38,0.0028,0.0222,0.0657,"RSA",90,"European Tour"
6319,"Olympic Golf Competition ","Rio 2016",250,156,"Ryan Fox",11889,0.168305735828377,2.5260227132398,38,0.0028,0.0277,0.072,"NZL",89,"European Challenge Tour"
6319,"Olympic Golf Competition ","Rio 2016",195,79,"Fabian Gomez",8571,-0.0324837189770882,2.3358389673362,40,0.0027,0.0265,0.0801,"ARG",90,"PGA Tour"
6319,"Olympic Golf Competition ","Rio 2016",167,131,"Ricardo Gouveia",18722,-0.136264858643546,2.21396551146887,41,0.0026,0.0276,0.0836,"POR",92,"European Tour"
6319,"Olympic Golf Competition ","Rio 2016",202,237,"Mikko Ilonen",6929,-0.000245064963502006,2.37396379390411,42,0.0025,0.026,0.0779,"FIN",78,"European Tour"
6319,"Olympic Golf Competition ","Rio 2016",256,265,"Felipe Aguilar",8135,0.194073663333151,2.31201538775261,43,0.002,0.0165,0.0545,"CHI",62,"European Tour"
6319,"Olympic Golf Competition ","Rio 2016",247,295,"Seamus Power",10104,0.165263851074901,2.29503160098039,44,0.0016,0.0172,0.0525,"IRL",80,"Web.com Tour"
6319,"Olympic Golf Competition ","Rio 2016",245,124,"Shingo Katayama",3770,0.163941292315742,2.32519349402914,45,0.0015,0.0187,0.0583,"JPN",89,"Japan Golf Tour"
6319,"Olympic Golf Competition ","Rio 2016",377,308,"Nino Bertasio",13013,0.532101930864805,2.45802549064461,46,0.0013,0.0125,0.0367,"ITA",72,"European Tour"
6319,"Olympic Golf Competition ","Rio 2016",302,142,"Wu Ashun",11763,0.337310731534806,2.21347568354341,47,9e-04,0.0117,0.0399,"CHN",90,"European Tour"
6319,"Olympic Golf Competition ","Rio 2016",337,301,"Espen Kofstad",13349,0.427257089541444,2.35098604749311,48,8e-04,0.0116,0.0368,"NOR",48,"European Challenge Tour"
6319,"Olympic Golf Competition ","Rio 2016",348,338,"Matteo Manassero",11460,0.448674532773513,2.33937542438437,48,8e-04,0.0119,0.038,"ITA",65,"European Tour"
6319,"Olympic Golf Competition ","Rio 2016",355,298,"Roope Kakko",9199,0.459660315220529,2.36999920877837,48,8e-04,0.0116,0.0334,"FIN",65,"European Tour"
6319,"Olympic Golf Competition ","Rio 2016",396,155,"Li Haotong",15310,0.576565175581789,2.45846038055781,51,7e-04,0.0099,0.0342,"CHN",86,"European Tour"
6319,"Olympic Golf Competition ","Rio 2016",386,288,"Adilson da Silva",5239,0.558555394595292,2.22902392770376,52,4e-04,0.0061,0.024,"BRA",96,"Sunshine Tour"
6319,"Olympic Golf Competition ","Rio 2016",636,381,"Rodolfo Cazaubon Jnr",18185,1.11651077049162,2.33992421025832,52,4e-04,0.0032,0.0103,"MEX",89,"Web.com Tour"
6319,"Olympic Golf Competition ","Rio 2016",413,229,"S.S.P. Chawrasia",7040,0.616665040894413,2.28102844914107,54,3e-04,0.0056,0.0219,"IND",93,"European Tour"
6319,"Olympic Golf Competition ","Rio 2016",545,234,"Lin Wen-Tang",6433,0.937383922871319,2.42740154760987,55,2e-04,0.0043,0.0163,"TPE",60,"Asian Tour"
6319,"Olympic Golf Competition ","Rio 2016",586,405,"Jose-Filipe Lima",7868,1.02946451709035,2.34799384334622,55,2e-04,0.0029,0.0115,"POR",64,"European Challenge Tour"
6319,"Olympic Golf Competition ","Rio 2016",468,146,"Miguel Tabuena",15274,0.750242142886924,2.22426563942163,57,1e-04,0.003,0.015,"PHI",82,"Asian Tour"
6319,"Olympic Golf Competition ","Rio 2016",580,242,"Danny Chia",6386,1.02297849569954,2.26762752881086,57,1e-04,0.0016,0.0085,"MAS",96,"Asian Tour"
6319,"Olympic Golf Competition ","Rio 2016",612,318,"Siddikur Rahman",13766,1.06899085348445,2.39702153696929,57,1e-04,0.0029,0.0121,"BAN",76,"Asian Tour"
6319,"Olympic Golf Competition ","Rio 2016",799,289,"Gavin Green",12530,1.4154402538027,2.32385344274524,60,0,7e-04,0.0043,"MAS",94,"Asian Development Tour"
6320,"John Deere Classic ","PGA Tour",19,22,"Zach Johnson",6986,-1.40139414904848,2.23263657531926,1,0.0747,0.2479,0.3844,"USA",96,"PGA Tour"
6320,"John Deere Classic ","PGA Tour",21,135,"Jon Rahm",19195,-1.32926629746781,2.33981078339388,2,0.0728,0.2448,0.3734,"ESP",24,"PGA Tour"
6320,"John Deere Classic ","PGA Tour",24,34,"Kevin Na",7452,-1.28319937366192,2.31480967678765,3,0.0603,0.2099,0.3377,"USA",97,"PGA Tour"
6320,"John Deere Classic ","PGA Tour",27,85,"Steve Stricker",4818,-1.18203422876603,2.22405367206213,4,0.0432,0.1892,0.3144,"USA",49,"PGA Tour"
6320,"John Deere Classic ","PGA Tour",40,53,"Daniel Summerhays",12424,-1.05439449725779,2.24121194126564,5,0.0393,0.1508,0.2716,"USA",105,"PGA Tour"
6320,"John Deere Classic ","PGA Tour",41,56,"Gary Woodland",12577,-1.03799211124458,2.21169302833565,6,0.0379,0.157,0.2714,"USA",87,"PGA Tour"
6320,"John Deere Classic ","PGA Tour",58,115,"Wesley Bryan",21236,-0.894025283129734,2.43833805529304,7,0.0375,0.1448,0.2439,"USA",56,"Web.com Tour"
6320,"John Deere Classic ","PGA Tour",59,59,"Ryan Moore",7489,-0.882105977543141,2.31389411296719,8,0.0324,0.1254,0.2254,"USA",77,"PGA Tour"
6320,"John Deere Classic ","PGA Tour",62,63,"Robert Streb",14852,-0.8450990402489,2.33137038058863,9,0.029,0.1234,0.2196,"USA",102,"PGA Tour"
6320,"John Deere Classic ","PGA Tour",49,111,"Keegan Bradley",13872,-0.940836986276466,2.26417720637808,10,0.0287,0.1314,0.2334,"USA",92,"PGA Tour"
6320,"John Deere Classic ","PGA Tour",89,101,"Jerry Kelly",5151,-0.558268720634967,2.37992319832765,11,0.0192,0.0879,0.161,"USA",78,"PGA Tour"
6320,"John Deere Classic ","PGA Tour",83,136,"Retief Goosen",4884,-0.608140920756095,2.25803093061797,12,0.0181,0.0842,0.1581,"RSA",55,"PGA Tour"
6320,"John Deere Classic ","PGA Tour",94,190,"Adam Hadwin",13965,-0.532939030082822,2.29899943844582,13,0.0167,0.0763,0.1474,"CAN",83,"PGA Tour"
6320,"John Deere Classic ","PGA Tour",114,158,"Boo Weekley",7403,-0.398676881054451,2.37457628202832,14,0.0152,0.0656,0.1273,"USA",85,"PGA Tour"
6320,"John Deere Classic ","PGA Tour",70,106,"John Senden",5207,-0.747352544368205,2.1179061491449,15,0.0149,0.0869,0.1729,"AUS",100,"PGA Tour"
6320,"John Deere Classic ","PGA Tour",91,130,"Brian Harman",8825,-0.553872881419126,2.27837571745918,15,0.0149,0.0746,0.1471,"USA",104,"PGA Tour"
6320,"John Deere Classic ","PGA Tour",123,94,"Jamie Lovemark",11382,-0.370235832683285,2.505583734678,17,0.0142,0.0737,0.1354,"USA",103,"PGA Tour"
6320,"John Deere Classic ","PGA Tour",118,187,"Ricky Barnes",6846,-0.386721144041432,2.33418845054416,18,0.0126,0.0633,0.1283,"USA",94,"PGA Tour"
6320,"John Deere Classic ","PGA Tour",112,113,"Jason Bohn",6462,-0.423300950596722,2.30771744458971,19,0.0124,0.0661,0.1315,"USA",67,"PGA Tour"
6320,"John Deere Classic ","PGA Tour",105,87,"Matt Jones",8605,-0.484142968035619,2.29546998652337,20,0.0113,0.0681,0.1379,"AUS",94,"PGA Tour"
6320,"John Deere Classic ","PGA Tour",125,138,"Sean O'Hair",7626,-0.364433266573244,2.32044154369074,20,0.0113,0.0541,0.113,"USA",85,"PGA Tour"
6320,"John Deere Classic ","PGA Tour",113,118,"Patrick Rodgers",16283,-0.402248207953007,2.32572462829193,22,0.011,0.061,0.1202,"USA",79,"PGA Tour"
6320,"John Deere Classic ","PGA Tour",139,260,"Shawn Stefani",14012,-0.259006093613297,2.39561342076492,23,0.01,0.0526,0.1044,"USA",89,"PGA Tour"
6320,"John Deere Classic ","PGA Tour",108,228,"Hudson Swafford",14706,-0.458568157601654,2.26326416091211,24,0.0095,0.0626,0.1267,"USA",98,"PGA Tour"
6320,"John Deere Classic ","PGA Tour",151,257,"Seungyul Noh",11117,-0.214646560498196,2.33505106572258,25,0.0094,0.0494,0.1016,"KOR",80,"PGA Tour"
6320,"John Deere Classic ","PGA Tour",131,167,"Scott Brown",11330,-0.318997383956866,2.37435958015179,26,0.009,0.0545,0.1125,"USA",83,"PGA Tour"
6320,"John Deere Classic ","PGA Tour",106,174,"Chris Stroud",9604,-0.473498107549094,2.13862960635295,27,0.0086,0.0567,0.118,"USA",80,"PGA Tour"
6320,"John Deere Classic ","PGA Tour",115,179,"Spencer Levin",8199,-0.396390154959931,2.1958692628913,28,0.0084,0.0529,0.1109,"USA",102,"PGA Tour"
6320,"John Deere Classic ","PGA Tour",128,134,"Ben Martin",14007,-0.331207264034875,2.31632530951299,29,0.0081,0.0514,0.1073,"USA",94,"PGA Tour"
6320,"John Deere Classic ","PGA Tour",129,254,"Stewart Cink",5665,-0.326954814018246,2.2623237162157,29,0.0081,0.0522,0.1095,"USA",67,"PGA Tour"
6320,"John Deere Classic ","PGA Tour",159,218,"John Huh",14606,-0.179006188376064,2.32803788441589,31,0.0079,0.0427,0.0864,"USA",75,"PGA Tour"
6320,"John Deere Classic ","PGA Tour",196,320,"Michael Thompson",12946,-0.023036544270218,2.41790774192282,32,0.0077,0.0362,0.0761,"USA",80,"PGA Tour"
6320,"John Deere Classic ","PGA Tour",158,249,"George McNeill",6419,-0.179182479089743,2.32519255581654,33,0.0076,0.0454,0.0918,"USA",68,"PGA Tour"
6320,"John Deere Classic ","PGA Tour",169,258,"Blayne Barber",15608,-0.13341984775265,2.35570646276559,33,0.0076,0.0444,0.0856,"USA",70,"PGA Tour"
6320,"John Deere Classic ","PGA Tour",162,283,"Luke List",7960,-0.156194843876347,2.36083586766636,35,0.0074,0.0415,0.0852,"USA",89,"PGA Tour"
6320,"John Deere Classic ","PGA Tour",174,225,"Johnson Wagner",7927,-0.128888754076071,2.33451267597074,35,0.0074,0.0416,0.0871,"USA",80,"PGA Tour"
6320,"John Deere Classic ","PGA Tour",145,319,"Michael Kim",17543,-0.239143810007429,2.22994650041245,37,0.0072,0.0379,0.0857,"USA",112,"PGA Tour"
6320,"John Deere Classic ","PGA Tour",146,268,"Derek Fathauer",12689,-0.228157584248374,2.2857182577735,38,0.0069,0.0464,0.0947,"USA",98,"PGA Tour"
6320,"John Deere Classic ","PGA Tour",160,144,"Billy Hurley III",11046,-0.172021228809679,2.24439556083066,38,0.0069,0.0395,0.0852,"USA",76,"Web.com Tour"
6320,"John Deere Classic ","PGA Tour",176,235,"Jason Gore",6321,-0.117425345111434,2.3447279150614,40,0.0064,0.0378,0.0827,"USA",78,"PGA Tour"
6320,"John Deere Classic ","PGA Tour",180,326,"Camilo Villegas",9171,-0.0995970269453996,2.31951189502214,41,0.0062,0.0369,0.078,"COL",92,"PGA Tour"
6320,"John Deere Classic ","PGA Tour",157,215,"Robert Garrigus",6789,-0.183263991275388,2.323897661416,42,0.0059,0.0419,0.0888,"USA",70,"PGA Tour"
6320,"John Deere Classic ","PGA Tour",186,377,"Bud Cauley",14502,-0.0661398794041089,2.31239390840468,43,0.0055,0.032,0.0681,"USA",49,"PGA Tour"
6320,"John Deere Classic ","PGA Tour",216,239,"Morgan Hoffmann",14082,0.0462244529223355,2.38205499770992,44,0.0051,0.0304,0.0688,"USA",79,"PGA Tour"
6320,"John Deere Classic ","PGA Tour",251,171,"Andrew Loupe",15318,0.173036683493849,2.44898887862693,44,0.0051,0.028,0.059,"USA",89,"PGA Tour"
6320,"John Deere Classic ","PGA Tour",210,110,"Troy Merritt",13367,0.0302126590291766,2.40220302158308,46,0.005,0.0298,0.0668,"USA",91,"PGA Tour"
6320,"John Deere Classic ","PGA Tour",154,166,"Thomas Aiken",7679,-0.197216909925605,2.11357559437643,47,0.0049,0.029,0.0705,"RSA",92,"PGA Tour"
6320,"John Deere Classic ","PGA Tour",209,267,"Geoff Ogilvy",5698,0.0299196721237195,2.31729666125759,48,0.0048,0.0278,0.0649,"AUS",61,"PGA Tour"
6320,"John Deere Classic ","PGA Tour",220,277,"Tom Hoge",15575,0.0525608373119103,2.34313253203396,48,0.0048,0.03,0.0636,"USA",89,"PGA Tour"
6320,"John Deere Classic ","PGA Tour",126,112,"Vaughn Taylor",6930,-0.353829586353025,2.14981552827825,50,0.0047,0.0394,0.0921,"USA",76,"PGA Tour"
6320,"John Deere Classic ","PGA Tour",187,312,"Nick Taylor",13126,-0.0612058924965148,2.22393963032844,51,0.0046,0.0301,0.0676,"CAN",85,"PGA Tour"
6320,"John Deere Classic ","PGA Tour",242,284,"Sam Saunders",11048,0.143124656774369,2.37107291583373,51,0.0046,0.0236,0.0561,"USA",76,"PGA Tour"
6320,"John Deere Classic ","PGA Tour",224,188,"Sunghoon Kang",7881,0.0645309741761144,2.39405125589546,53,0.0045,0.0309,0.0694,"KOR",109,"PGA Tour"
6320,"John Deere Classic ","PGA Tour",171,362,"Stuart Appleby",5294,-0.133308016421649,2.26334098133442,54,0.0044,0.0329,0.0801,"AUS",69,"PGA Tour"
6320,"John Deere Classic ","PGA Tour",200,392,"Cameron Percy",5874,-0.0109296345476957,2.26551236803691,54,0.0044,0.0295,0.0646,"AUS",61,"PGA Tour"
6320,"John Deere Classic ","PGA Tour",257,201,"Hiroshi Iwata",9099,0.199857033489772,2.4830458252387,54,0.0044,0.0253,0.0552,"JPN",111,"PGA Tour"
6320,"John Deere Classic ","PGA Tour",191,213,"Hunter Mahan",7636,-0.0413882767829606,2.30776096960163,57,0.0043,0.0317,0.0708,"USA",77,"PGA Tour"
6320,"John Deere Classic ","PGA Tour",193,200,"Zac Blair",17639,-0.0401105204745841,2.26009479274472,57,0.0043,0.0282,0.0637,"USA",100,"PGA Tour"
6320,"John Deere Classic ","PGA Tour",218,383,"Henrik Norlander",11657,0.0498975028660349,2.30052808077997,57,0.0043,0.0263,0.06,"SWE",85,"PGA Tour"
6320,"John Deere Classic ","PGA Tour",152,315,"Brendon de Jonge",8767,-0.198754608530833,2.19298824497715,60,0.0042,0.0354,0.0783,"ZIM",93,"PGA Tour"
6320,"John Deere Classic ","PGA Tour",319,221,"Ken Duke",493,0.376998958628757,2.50494299091114,60,0.0042,0.0205,0.0448,"USA",56,"PGA Tour"
6320,"John Deere Classic ","PGA Tour",223,269,"Chad Collins",7744,0.0601856118391746,2.24386071485852,62,0.0041,0.0241,0.0532,"USA",73,"PGA Tour"
6320,"John Deere Classic ","PGA Tour",189,375,"Tim Wilkinson",7097,-0.0433931967066442,2.21931201560758,63,0.004,0.0278,0.0657,"NZL",80,"PGA Tour"
6320,"John Deere Classic ","PGA Tour",225,276,"Steve Wheatcroft",10292,0.0678605654559869,2.4178503067728,63,0.004,0.032,0.0692,"USA",79,"PGA Tour"
6320,"John Deere Classic ","PGA Tour",229,286,"Steve Marino",7741,0.0968734282132135,2.30954783120634,63,0.004,0.0245,0.0541,"USA",85,"PGA Tour"
6320,"John Deere Classic ","PGA Tour",192,256,"Tyrone van Aswegen",9913,-0.0404070126063577,2.25579050601765,66,0.0039,0.0264,0.065,"RSA",111,"PGA Tour"
6320,"John Deere Classic ","PGA Tour",226,275,"Chesson Hadley",14967,0.0774066330672059,2.36379605796947,66,0.0039,0.0278,0.0629,"USA",85,"PGA Tour"
6320,"John Deere Classic ","PGA Tour",259,178,"Cameron Smith",15856,0.202045827233768,2.40247098673342,66,0.0039,0.0203,0.0494,"AUS",85,"PGA Tour"
6320,"John Deere Classic ","PGA Tour",278,350,"Dawie van der Walt",9883,0.264201638534175,2.40286046099026,66,0.0039,0.022,0.0496,"RSA",96,"PGA Tour"
6320,"John Deere Classic ","PGA Tour",324,259,"Rhein Gibson",13342,0.382795219890156,2.50708723584171,70,0.0037,0.0189,0.0433,"AUS",110,"Web.com Tour"
6320,"John Deere Classic ","PGA Tour",214,361,"Mark Hubbard",16333,0.0367468059365817,2.29376362282595,71,0.0036,0.0253,0.0607,"USA",107,"PGA Tour"
6320,"John Deere Classic ","PGA Tour",212,306,"Scott Stallings",12359,0.0343799827368573,2.2956244013827,72,0.0035,0.022,0.0558,"USA",63,"PGA Tour"
6320,"John Deere Classic ","PGA Tour",213,494,"Jeff Overton",10498,0.034601122645536,2.26223007070566,72,0.0035,0.025,0.0578,"USA",67,"PGA Tour"
6320,"John Deere Classic ","PGA Tour",283,346,"Rob Oppenheim",8002,0.282597732618486,2.34553532102947,74,0.0034,0.018,0.0412,"USA",89,"PGA Tour"
6320,"John Deere Classic ","PGA Tour",317,305,"Rory Sabbatini",6283,0.369600698210945,2.44777780186998,74,0.0034,0.0166,0.0426,"RSA",64,"PGA Tour"
6320,"John Deere Classic ","PGA Tour",227,421,"Will Mackenzie",7470,0.0808885265406941,2.28485047109584,76,0.0032,0.0221,0.0522,"USA",74,"PGA Tour"
6320,"John Deere Classic ","PGA Tour",222,425,"Luke Guthrie",15610,0.0559339634403351,2.27263132784879,77,0.0031,0.023,0.0556,"USA",69,"PGA Tour"
6320,"John Deere Classic ","PGA Tour",237,330,"Scott Pinckney",15477,0.132997604004143,2.32077779821406,77,0.0031,0.0232,0.0583,"USA",87,"PGA Tour"
6320,"John Deere Classic ","PGA Tour",275,314,"Tyler Aldridge",11677,0.260752817279682,2.37491873324857,77,0.0031,0.0199,0.045,"USA",96,"PGA Tour"
6320,"John Deere Classic ","PGA Tour",279,433,"Angel Cabrera",5717,0.272340310581659,2.38232390311521,77,0.0031,0.0205,0.0453,"ARG",61,"PGA Tour"
6320,"John Deere Classic ","PGA Tour",199,327,"Kyle Stanley",12069,-0.0115811019427942,2.24477226923806,81,0.003,0.0256,0.0657,"USA",99,"PGA Tour"
6320,"John Deere Classic ","PGA Tour",231,309,"Bronson Burgoon",11082,0.102969138073993,2.26290638887519,81,0.003,0.0254,0.0542,"USA",101,"PGA Tour"
6320,"John Deere Classic ","PGA Tour",235,471,"Erik Compton",6556,0.129935823865614,2.28683754120397,81,0.003,0.0225,0.0472,"USA",63,"PGA Tour"
6320,"John Deere Classic ","PGA Tour",289,406,"Wes Roach",15720,0.288673856154864,2.3152859894182,84,0.0027,0.0163,0.0418,"USA",80,"PGA Tour"
6320,"John Deere Classic ","PGA Tour",276,442,"Carlos Ortiz",14735,0.261701390578061,2.34060388874904,85,0.0026,0.018,0.0428,"MEX",79,"PGA Tour"
6320,"John Deere Classic ","PGA Tour",252,432,"Mark Wilson",4107,0.17813762492195,2.17772886653947,86,0.0025,0.0149,0.0393,"USA",64,"PGA Tour"
6320,"John Deere Classic ","PGA Tour",266,482,"Scott Langley",14700,0.215913918530324,2.31769507426593,86,0.0025,0.0181,0.0444,"USA",77,"PGA Tour"
6320,"John Deere Classic ","PGA Tour",287,344,"Andres Gonzales",11640,0.286482107964303,2.26453362544919,86,0.0025,0.0159,0.0371,"USA",74,"PGA Tour"
6320,"John Deere Classic ","PGA Tour",318,209,"Martin Piller",13760,0.376813834044921,2.3949632290713,86,0.0025,0.0151,0.0359,"USA",73,"PGA Tour"
6320,"John Deere Classic ","PGA Tour",254,354,"Meenwhee Kim",11702,0.184670170125732,2.23282138796174,90,0.0023,0.0169,0.0437,"KOR",82,"PGA Tour"
6320,"John Deere Classic ","PGA Tour",297,264,"Brendon Todd",12425,0.307219391494302,2.36944165557008,90,0.0023,0.0164,0.041,"USA",79,"PGA Tour"
6320,"John Deere Classic ","PGA Tour",240,548,"John Merrick",9584,0.137569202714425,2.18574588441833,92,0.0022,0.0181,0.0464,"USA",77,"Web.com Tour"
6320,"John Deere Classic ","PGA Tour",389,571,"Miguel Angel Carballo",8570,0.559248849841475,2.38098430609783,93,0.0021,0.0113,0.0274,"ARG",86,"PGA Tour"
6320,"John Deere Classic ","PGA Tour",233,515,"Alex Prugh",12339,0.117765951731026,2.24615985665871,94,0.002,0.0191,0.046,"USA",77,"Web.com Tour"
6320,"John Deere Classic ","PGA Tour",234,363,"Rod Pampling",5668,0.120136172228205,2.2024972564639,94,0.002,0.0169,0.0452,"AUS",73,"PGA Tour"
6320,"John Deere Classic ","PGA Tour",323,455,"Andrew Landry",14000,0.380915337651178,2.28962423145944,96,0.0018,0.0134,0.0343,"USA",73,"PGA Tour"
6320,"John Deere Classic ","PGA Tour",298,252,"Greg Owen",5723,0.317209247779008,2.31624291137584,97,0.0017,0.0159,0.0384,"ENG",77,"PGA Tour"
6320,"John Deere Classic ","PGA Tour",331,598,"Tom Gillis",3901,0.408232820714946,2.32217436721447,97,0.0017,0.0124,0.0314,"USA",57,"Web.com Tour"
6320,"John Deere Classic ","PGA Tour",375,736,"D.A. Points",6761,0.527413906139836,2.29240516090295,97,0.0017,0.009,0.0256,"USA",63,"PGA Tour"
6320,"John Deere Classic ","PGA Tour",529,253,"Matt Every",10185,0.898123028210003,2.4873333613323,100,0.0015,0.0081,0.0178,"USA",45,"PGA Tour"
6320,"John Deere Classic ","PGA Tour",320,447,"Andres Romero",7751,0.377753451372175,2.32946089033932,101,0.0014,0.0142,0.0344,"ARG",43,"PGA Tour"
6320,"John Deere Classic ","PGA Tour",419,755,"Brian Gay",5951,0.635922884427431,2.31893789090464,102,0.0013,0.0081,0.0202,"USA",32,"PGA Tour"
6320,"John Deere Classic ","PGA Tour",384,211,"Peter Malnati",14926,0.55392089695295,2.34270038208356,103,0.0011,0.0094,0.0247,"USA",97,"PGA Tour"
6320,"John Deere Classic ","PGA Tour",296,322,"J.J. Henry",6222,0.296257506969161,2.21045659630922,104,9e-04,0.0118,0.0329,"USA",73,"PGA Tour"
6320,"John Deere Classic ","PGA Tour",723,151,"Steven Bowditch",7053,1.28314175259252,2.79323623656395,104,9e-04,0.0068,0.0159,"AUS",95,"PGA Tour"
6320,"John Deere Classic ","PGA Tour",313,454,"Kelly Kraft",15852,0.362304079740768,2.22439360004917,106,7e-04,0.0127,0.0297,"USA",91,"PGA Tour"
6320,"John Deere Classic ","PGA Tour",390,634,"Eric Axley",8024,0.560485632868943,2.32738988246754,106,7e-04,0.0077,0.0218,"USA",76,"Web.com Tour"
6320,"John Deere Classic ","PGA Tour",404,575,"Brice Garnett",11451,0.585636984679768,2.2979790481001,106,7e-04,0.0079,0.0216,"USA",59,"Web.com Tour"
6320,"John Deere Classic ","PGA Tour",630,462,"Donghwan Lee",8211,1.11302198320787,2.63263772559341,106,7e-04,0.0061,0.0161,"KOR",78,"PGA Tour"
6320,"John Deere Classic ","PGA Tour",477,1058,"Marc Turnesa",7627,0.766304194714097,2.29416460713923,110,6e-04,0.0053,0.0159,"USA",57,"Web.com Tour"
6320,"John Deere Classic ","PGA Tour",486,535,"Abraham Ancer",18238,0.801675391810338,2.27952848416658,110,6e-04,0.0041,0.0129,"MEX",80,"PGA Tour"
6320,"John Deere Classic ","PGA Tour",555,560,"Lucas Lee",13618,0.955972419537506,2.43894511869794,110,6e-04,0.0052,0.0143,"BRA",64,"PGA Tour"
6320,"John Deere Classic ","PGA Tour",508,413,"Tim Herron",5621,0.841383651868894,2.35125078919438,113,5e-04,0.0045,0.0134,"USA",63,"PGA Tour"
6320,"John Deere Classic ","PGA Tour",459,632,"Derek Ernst",16711,0.736092270547668,2.40010292809361,114,4e-04,0.0071,0.0212,"USA",73,"PGA Tour"
6320,"John Deere Classic ","PGA Tour",610,714,"Arjun Atwal",5701,1.06768461592842,2.32108370300989,114,4e-04,0.0035,0.0083,"IND",48,"PGA Tour"
6320,"John Deere Classic ","PGA Tour",548,920,"Austin Connelly",19704,0.941161292985555,2.31593468062947,116,3e-04,0.0034,0.0108,"CAN",49,"PGA Tour Canada"
6320,"John Deere Classic ","PGA Tour",608,1640,"John Rollins",6300,1.06460199558715,2.31807574125333,116,3e-04,0.0029,0.0071,"USA",83,"Web.com Tour"
6320,"John Deere Classic ","PGA Tour",514,555,"Dicky Pride",5467,0.854649421720849,2.26701464259751,118,2e-04,0.004,0.012,"USA",69,"PGA Tour"
6320,"John Deere Classic ","PGA Tour",532,742,"Richard H. Lee",15233,0.902508894399058,2.30712897062614,118,2e-04,0.0038,0.0115,"USA",63,"Web.com Tour"
6320,"John Deere Classic ","PGA Tour",591,735,"Craig Barlow",6138,1.04254317203006,2.31998253637943,118,2e-04,0.0039,0.0091,"USA",67,"Web.com Tour"
6320,"John Deere Classic ","PGA Tour",618,1461,"Jarrod Lyle",8392,1.07868160339147,2.2750072235475,118,2e-04,0.003,0.0085,"AUS",36,"PGA Tour"
6320,"John Deere Classic ","PGA Tour",640,881,"Charlie Wi",5905,1.12281405942331,2.35192329603382,118,2e-04,0.0029,0.0081,"KOR",63,"Web.com Tour"
6320,"John Deere Classic ","PGA Tour",749,1841,"Trevor Immelman",5935,1.33328970659394,2.35955741860624,118,2e-04,0.002,0.0053,"RSA",36,"PGA Tour"
6320,"John Deere Classic ","PGA Tour",899,1063,"Chris Smith",2079,1.61115394716911,2.50583922486676,118,2e-04,0.0016,0.0043,"USA",49,"Web.com Tour"
6320,"John Deere Classic ","PGA Tour",568,1050,"D.J. Trahan",7236,0.986044643634501,2.33299725432299,125,1e-04,0.0043,0.0098,"USA",35,"PGA Tour"
6320,"John Deere Classic ","PGA Tour",644,1322,"Troy Matteson",7954,1.12790231027888,2.26331463637711,125,1e-04,0.0022,0.0057,"USA",36,"Web.com Tour"
6320,"John Deere Classic ","PGA Tour",724,1243,"Robert Allenby",4949,1.2874030482436,2.28388485732606,125,1e-04,0.001,0.0037,"AUS",57,"PGA Tour"
6320,"John Deere Classic ","PGA Tour",907,1032,"Tim Petrovic",2701,1.61939152005041,2.35013978082587,125,1e-04,7e-04,0.0025,"USA",43,"Web.com Tour"
6320,"John Deere Classic ","PGA Tour",1070,1841,"Gavin Coles",4863,1.8908924220353,2.48140863606963,125,1e-04,7e-04,0.0017,"AUS",2,NA
6320,"John Deere Classic ","PGA Tour",1220,1283,"Daniel Chopra",2035,2.1176969656111,2.41859131567672,125,1e-04,2e-04,0.0012,"SWE",48,"Asian Tour"
6320,"John Deere Classic ","PGA Tour",598,703,"Darron Stiles",6401,1.05150933747477,2.33688341629572,131,0,0.0033,0.0081,"USA",80,"PGA Tour"
6320,"John Deere Classic ","PGA Tour",677,1343,"Matt Weibring",7928,1.20004669432379,2.34716365477307,131,0,0.0022,0.0055,"USA",12,NA
6320,"John Deere Classic ","PGA Tour",863,1622,"Heath Slocum",7170,1.54304487073497,2.3443325514825,131,0,0.0011,0.0032,"USA",12,NA
6320,"John Deere Classic ","PGA Tour",910,1291,"Ted Purdy",5906,1.62540246040961,2.32426582106514,131,0,4e-04,0.0017,"USA",27,"PGA Tour"
6320,"John Deere Classic ","PGA Tour",987,1841,"Brian Bullington",21312,1.74376774772666,2.38659847246783,131,0,4e-04,0.0016,"USA",28,"PGA Tour Latinoamerica"
6320,"John Deere Classic ","PGA Tour",1033,1841,"Matt Bettencourt",7835,1.83321202076982,2.40247770767831,131,0,4e-04,0.0015,"USA",13,NA
6320,"John Deere Classic ","PGA Tour",1216,1841,"Len Mattiace",3982,2.11348114184994,2.33234670064687,131,0,1e-04,3e-04,"USA",41,"Web.com Tour"
6320,"John Deere Classic ","PGA Tour",1301,1841,"Steven Ihm",17641,2.27165134902421,2.3476461977428,131,0,1e-04,3e-04,"USA",26,"Web.com Tour"
6320,"John Deere Classic ","PGA Tour",1303,1550,"Frank Lickliter-II",5708,2.27321725898275,2.40129489960063,131,0,2e-04,8e-04,"USA",28,"PGA Tour"
6320,"John Deere Classic ","PGA Tour",1364,1407,"Cameron Beckman",3869,2.3415103833772,2.50047148702983,131,0,0,3e-04,"USA",23,"PGA Tour"
6320,"John Deere Classic ","PGA Tour",1409,1841,"Ben Curtis",7101,2.40170561874665,2.51396569557777,131,0,2e-04,5e-04,"USA",27,"Web.com Tour"
6320,"John Deere Classic ","PGA Tour",1431,1841,"Shaun Micheel",4377,2.43244893808952,2.45349471742985,131,0,2e-04,2e-04,"USA",6,NA
6320,"John Deere Classic ","PGA Tour",1773,1752,"Mike Weir",5513,2.99650813039545,2.34951080958443,131,0,0,0,"CAN",23,"PGA Tour"
6320,"John Deere Classic ","PGA Tour",1802,1556,"Armando Villarreal",17396,3.03521458024517,2.52418821247523,131,0,0,0,"MEX",44,"PGA Tour Latinoamerica"
6320,"John Deere Classic ","PGA Tour",NA,NA,"Robert Gamez",2878,3,2.5,131,0,0,1e-04,NA,NA,NA
6320,"John Deere Classic ","PGA Tour",NA,NA,"Dudley Hart",3879,3,2.5,131,0,0,1e-04,NA,NA,NA
6320,"John Deere Classic ","PGA Tour",NA,NA,"Mark Hensby",5859,3,2.5,131,0,0,0,NA,NA,NA
6320,"John Deere Classic ","PGA Tour",NA,NA,"Garrett Willis",6260,3,2.5,131,0,0,1e-04,NA,NA,NA
6320,"John Deere Classic ","PGA Tour",NA,NA,"Michael Johnson",15120,3,2.5,131,0,0,1e-04,NA,NA,NA
6320,"John Deere Classic ","PGA Tour",NA,NA,"Jordan Niebrugge",18284,3,2.5,131,0,0,1e-04,NA,NA,NA
6320,"John Deere Classic ","PGA Tour",NA,NA,"Robby Shelton IV",18635,3,2.5,131,0,0,2e-04,NA,NA,NA
6320,"John Deere Classic ","PGA Tour",NA,NA,"Joey Garber",18658,3,2.5,131,0,0,1e-04,NA,NA,NA
6320,"John Deere Classic ","PGA Tour",NA,NA,"Lee McCoy",19871,3,2.5,131,0,0,0,NA,NA,NA
6320,"John Deere Classic ","PGA Tour",NA,NA,"Charlie Danielson",21310,3,2.5,131,0,0,2e-04,NA,NA,NA
6320,"John Deere Classic ","PGA Tour",NA,NA,"Aaron Wise",22051,3,2.5,131,0,0,0,NA,NA,NA
6321,"Price Cutter Charity Championship presented by Dr Pepper","Web.com Tour",121,311,"Brian Campbell",18628,-0.374120495349754,2.39864039705075,1,0.0529,0.1869,0.3009,"USA",38,"Web.com Tour"
6321,"Price Cutter Charity Championship presented by Dr Pepper","Web.com Tour",135,334,"JT Poston",21554,-0.304086988644912,2.30201553951679,2,0.0417,0.1559,0.2638,"USA",39,"Web.com Tour"
6321,"Price Cutter Charity Championship presented by Dr Pepper","Web.com Tour",137,244,"Martin Flores",10535,-0.264747948347234,2.23899558278324,3,0.0393,0.1501,0.255,"USA",80,"Web.com Tour"
6321,"Price Cutter Charity Championship presented by Dr Pepper","Web.com Tour",168,157,"Ollie Schniederjans",18662,-0.136079536494982,2.42458479180305,4,0.038,0.1347,0.2296,"USA",79,"Web.com Tour"
6321,"Price Cutter Charity Championship presented by Dr Pepper","Web.com Tour",181,448,"Grayson Murray",14655,-0.08377983400395,2.38976181063695,5,0.0315,0.1333,0.222,"USA",32,"Web.com Tour"
6321,"Price Cutter Charity Championship presented by Dr Pepper","Web.com Tour",198,227,"J.J Spaun",17536,-0.0229227744788377,2.30521592717112,6,0.0268,0.1159,0.2072,"USA",79,"Web.com Tour"
6321,"Price Cutter Charity Championship presented by Dr Pepper","Web.com Tour",293,568,"Andrew Putnam",14704,0.293212860558689,2.55257638479089,7,0.0239,0.093,0.1594,"USA",78,"Web.com Tour"
6321,"Price Cutter Charity Championship presented by Dr Pepper","Web.com Tour",232,474,"Jonathan Byrd",6931,0.112501842390089,2.35286299812643,8,0.0233,0.0955,0.1693,"USA",80,"Web.com Tour"
6321,"Price Cutter Charity Championship presented by Dr Pepper","Web.com Tour",248,379,"Brandon Hagy",18695,0.166029738696789,2.4816935717026,9,0.0231,0.0992,0.1725,"USA",60,"Web.com Tour"
6321,"Price Cutter Charity Championship presented by Dr Pepper","Web.com Tour",188,476,"Ryan Blaum",9643,-0.0444760548686217,2.14611362263771,10,0.0215,0.0997,0.1913,"USA",87,"Web.com Tour"
6321,"Price Cutter Charity Championship presented by Dr Pepper","Web.com Tour",238,263,"Trey Mullinax",18761,0.133623656744974,2.37926355807944,11,0.0211,0.0933,0.175,"USA",84,"Web.com Tour"
6321,"Price Cutter Charity Championship presented by Dr Pepper","Web.com Tour",184,971,"Ted Potter-jr",8769,-0.0724205488886768,2.23222283752994,12,0.0209,0.1101,0.2015,"USA",34,"Web.com Tour"
6321,"Price Cutter Charity Championship presented by Dr Pepper","Web.com Tour",211,456,"Jason Millard",17567,0.0316888379710702,2.25281822324527,13,0.0207,0.0974,0.182,"USA",62,"Web.com Tour"
6321,"Price Cutter Charity Championship presented by Dr Pepper","Web.com Tour",255,635,"Denny McCarthy",19870,0.188927281278487,2.25799053432606,14,0.0176,0.0757,0.146,"USA",60,"Web.com Tour"
6321,"Price Cutter Charity Championship presented by Dr Pepper","Web.com Tour",261,426,"Joel Dahmen",14509,0.206944716849821,2.33403555547311,15,0.0173,0.0841,0.1574,"USA",83,"Web.com Tour"
6321,"Price Cutter Charity Championship presented by Dr Pepper","Web.com Tour",269,352,"Austin Cook",18579,0.23015391096987,2.33476656435252,16,0.0166,0.0739,0.1456,"USA",76,"Web.com Tour"
6321,"Price Cutter Charity Championship presented by Dr Pepper","Web.com Tour",316,509,"Sebastian Cappelen",14776,0.366488685919024,2.44341933446925,17,0.0164,0.0712,0.1349,"DEN",70,"Web.com Tour"
6321,"Price Cutter Charity Championship presented by Dr Pepper","Web.com Tour",285,513,"Xander Schauffele",19895,0.28364162667949,2.35004798185608,18,0.0162,0.0689,0.1289,"USA",60,"Web.com Tour"
6321,"Price Cutter Charity Championship presented by Dr Pepper","Web.com Tour",282,287,"Nicholas Lindheim",16713,0.280608322836903,2.28836399307469,19,0.0147,0.072,0.1366,"USA",76,"Web.com Tour"
6321,"Price Cutter Charity Championship presented by Dr Pepper","Web.com Tour",299,430,"Jonathan Randolph",14837,0.317436347220429,2.38439154213227,19,0.0147,0.0715,0.1402,"USA",78,"Web.com Tour"
6321,"Price Cutter Charity Championship presented by Dr Pepper","Web.com Tour",307,497,"Cody Gribble",17508,0.35292563818364,2.36891952722812,21,0.0146,0.0665,0.1291,"USA",79,"Web.com Tour"
6321,"Price Cutter Charity Championship presented by Dr Pepper","Web.com Tour",344,525,"Ryan Brehm",10423,0.445244188224978,2.40273270040331,22,0.0139,0.0586,0.1105,"USA",79,"Web.com Tour"
6321,"Price Cutter Charity Championship presented by Dr Pepper","Web.com Tour",258,732,"Gonzalo Fdez-Castano",8262,0.200834611716198,2.18331608889521,23,0.0137,0.0722,0.1425,"ESP",82,"Web.com Tour"
6321,"Price Cutter Charity Championship presented by Dr Pepper","Web.com Tour",264,545,"Zack Sucher",14036,0.215031575645153,2.28031483500683,24,0.0131,0.073,0.1458,"USA",58,"Web.com Tour"
6321,"Price Cutter Charity Championship presented by Dr Pepper","Web.com Tour",366,698,"Matt Fast",14561,0.486947351908805,2.38530594541958,25,0.0122,0.054,0.1054,"USA",92,"Web.com Tour"
6321,"Price Cutter Charity Championship presented by Dr Pepper","Web.com Tour",339,589,"Bhavik Patel",16107,0.433619094290805,2.46636272231506,26,0.0121,0.0659,0.1188,"USA",47,"Web.com Tour"
6321,"Price Cutter Charity Championship presented by Dr Pepper","Web.com Tour",322,460,"Julian Etulain",11911,0.379949544904796,2.32480255084062,27,0.0119,0.0578,0.1139,"ARG",98,"Web.com Tour"
6321,"Price Cutter Charity Championship presented by Dr Pepper","Web.com Tour",274,532,"Kevin Tway",13127,0.253117603420773,2.24322364700024,28,0.0116,0.0655,0.1301,"USA",87,"Web.com Tour"
6321,"Price Cutter Charity Championship presented by Dr Pepper","Web.com Tour",371,243,"Richy Werenski",19364,0.513517850068,2.40890249927197,29,0.0112,0.0531,0.1052,"USA",68,"Web.com Tour"
6321,"Price Cutter Charity Championship presented by Dr Pepper","Web.com Tour",388,510,"Josh Teater",8085,0.55882629628771,2.47607397295296,30,0.0111,0.0488,0.1004,"USA",65,"Web.com Tour"
6321,"Price Cutter Charity Championship presented by Dr Pepper","Web.com Tour",376,717,"Scott Harrington",8479,0.530919796462435,2.35567719764399,31,0.0104,0.0479,0.0978,"USA",82,"Web.com Tour"
6321,"Price Cutter Charity Championship presented by Dr Pepper","Web.com Tour",414,621,"Curtis Thompson",19395,0.617727557397208,2.41705858601061,32,0.0096,0.0455,0.0927,"USA",85,"Web.com Tour"
6321,"Price Cutter Charity Championship presented by Dr Pepper","Web.com Tour",357,440,"James Driscoll",6228,0.465848460646724,2.3130880664533,33,0.0091,0.0532,0.1046,"USA",63,"Web.com Tour"
6321,"Price Cutter Charity Championship presented by Dr Pepper","Web.com Tour",407,905,"Greg Eason",17719,0.593891875637349,2.32823328738647,34,0.009,0.0401,0.0859,"ENG",90,"Web.com Tour"
6321,"Price Cutter Charity Championship presented by Dr Pepper","Web.com Tour",356,453,"Kyle Thompson",7617,0.464980069591602,2.28532349984855,35,0.0089,0.0491,0.1012,"USA",73,"Web.com Tour"
6321,"Price Cutter Charity Championship presented by Dr Pepper","Web.com Tour",433,436,"Sebastian Vazquez",15487,0.670728150798253,2.42620837038821,35,0.0089,0.0403,0.087,"MEX",94,"Web.com Tour"
6321,"Price Cutter Charity Championship presented by Dr Pepper","Web.com Tour",273,564,"Adam Svensson",13997,0.251586953366719,2.11440888907086,37,0.0088,0.0561,0.1191,"CAN",86,"Web.com Tour"
6321,"Price Cutter Charity Championship presented by Dr Pepper","Web.com Tour",431,463,"Max Homa",17538,0.66876245468812,2.43740954248837,38,0.0087,0.0443,0.0889,"USA",58,"Web.com Tour"
6321,"Price Cutter Charity Championship presented by Dr Pepper","Web.com Tour",350,662,"Chris Baker",13971,0.451237331635563,2.24647585718557,39,0.0086,0.0477,0.1019,"USA",80,"Web.com Tour"
6321,"Price Cutter Charity Championship presented by Dr Pepper","Web.com Tour",332,578,"Steven Alker",4871,0.410428104567019,2.28105636702766,40,0.0085,0.0505,0.102,"NZL",71,"Web.com Tour"
6321,"Price Cutter Charity Championship presented by Dr Pepper","Web.com Tour",373,643,"Jin Park",7362,0.520630393864285,2.26454222989272,41,0.0081,0.0448,0.0941,"KOR",73,"Web.com Tour"
6321,"Price Cutter Charity Championship presented by Dr Pepper","Web.com Tour",412,691,"Justin Hicks",9166,0.616527136564561,2.36755122668916,41,0.0081,0.0437,0.0901,"USA",76,"Web.com Tour"
6321,"Price Cutter Charity Championship presented by Dr Pepper","Web.com Tour",363,1256,"Byron Smith",9687,0.482150602122818,2.30654728453083,43,0.0079,0.0464,0.1003,"USA",52,"Web.com Tour"
6321,"Price Cutter Charity Championship presented by Dr Pepper","Web.com Tour",554,637,"Roberto Diaz",15394,0.955804060890014,2.54323631968958,43,0.0079,0.0309,0.0654,"MEX",64,"Web.com Tour"
6321,"Price Cutter Charity Championship presented by Dr Pepper","Web.com Tour",353,681,"Nate Lashley",10943,0.458327577226867,2.25534792192242,45,0.0076,0.0473,0.0979,"USA",74,"Web.com Tour"
6321,"Price Cutter Charity Championship presented by Dr Pepper","Web.com Tour",391,953,"Ryan Spears",14011,0.565297297660584,2.30273198582683,45,0.0076,0.0394,0.0816,"USA",88,"Web.com Tour"
6321,"Price Cutter Charity Championship presented by Dr Pepper","Web.com Tour",378,943,"Peter Tomasulo",9910,0.532104990558183,2.31700920224105,47,0.0075,0.0466,0.096,"USA",60,"Web.com Tour"
6321,"Price Cutter Charity Championship presented by Dr Pepper","Web.com Tour",395,544,"Adam Schenk",19477,0.573134280783049,2.36031567567766,48,0.0074,0.0451,0.0918,"USA",81,"Web.com Tour"
6321,"Price Cutter Charity Championship presented by Dr Pepper","Web.com Tour",359,574,"Tag Ridings",6840,0.470861035218478,2.28381488054036,49,0.0073,0.0471,0.0971,"USA",86,"Web.com Tour"
6321,"Price Cutter Charity Championship presented by Dr Pepper","Web.com Tour",443,403,"Stephan Jaeger",16394,0.710724663985801,2.46971880614355,50,0.0072,0.0407,0.0865,"GER",59,"Web.com Tour"
6321,"Price Cutter Charity Championship presented by Dr Pepper","Web.com Tour",503,536,"Matt Atkins",19360,0.837638531715476,2.48615374546196,51,0.0069,0.0356,0.0706,"USA",64,"Web.com Tour"
6321,"Price Cutter Charity Championship presented by Dr Pepper","Web.com Tour",387,591,"Mark Anderson",12131,0.558716800115147,2.25408115852271,52,0.0062,0.0395,0.0852,"USA",50,"Web.com Tour"
6321,"Price Cutter Charity Championship presented by Dr Pepper","Web.com Tour",569,679,"Keith Mitchell",17365,0.98658664094688,2.49484272123065,53,0.0061,0.0275,0.0551,"USA",69,"Web.com Tour"
6321,"Price Cutter Charity Championship presented by Dr Pepper","Web.com Tour",429,273,"Kyounghoon Lee",13497,0.665170351823299,2.33235204735873,54,0.006,0.036,0.0772,"KOR",94,"Web.com Tour"
6321,"Price Cutter Charity Championship presented by Dr Pepper","Web.com Tour",476,664,"Zack Fischer",17273,0.766269503086562,2.44539431177099,54,0.006,0.038,0.0762,"USA",83,"Web.com Tour"
6321,"Price Cutter Charity Championship presented by Dr Pepper","Web.com Tour",421,685,"Alexandre Rocha",7441,0.649032654218365,2.27153558670165,56,0.0058,0.0365,0.0782,"BRA",84,"Web.com Tour"
6321,"Price Cutter Charity Championship presented by Dr Pepper","Web.com Tour",484,606,"Rafael Campos",12909,0.792231443129025,2.29182490848713,57,0.0056,0.0289,0.0629,"PUE",101,"Web.com Tour"
6321,"Price Cutter Charity Championship presented by Dr Pepper","Web.com Tour",475,665,"Adam Long",15473,0.765434246665315,2.30318166563123,58,0.0055,0.0316,0.0654,"USA",83,"Web.com Tour"
6321,"Price Cutter Charity Championship presented by Dr Pepper","Web.com Tour",454,762,"Brett Drewitt",15162,0.723172985110963,2.28526635897148,59,0.0051,0.031,0.0635,"AUS",74,"Web.com Tour"
6321,"Price Cutter Charity Championship presented by Dr Pepper","Web.com Tour",497,582,"Albin Choi",15606,0.823852632664299,2.31729313803717,60,0.0047,0.0245,0.0608,"CAN",56,"Web.com Tour"
6321,"Price Cutter Charity Championship presented by Dr Pepper","Web.com Tour",614,725,"Jimmy Gunn",18163,1.07100047322848,2.44945301972463,60,0.0047,0.0227,0.0454,"SCO",49,"Web.com Tour"
6321,"Price Cutter Charity Championship presented by Dr Pepper","Web.com Tour",575,779,"Anders Albertson",21235,1.01542871597701,2.45981603017466,62,0.0044,0.0241,0.0516,"USA",49,"Web.com Tour"
6321,"Price Cutter Charity Championship presented by Dr Pepper","Web.com Tour",510,1095,"Matt Davidson",9872,0.843537207461489,2.23995568176326,63,0.0042,0.0233,0.0516,"USA",72,"Web.com Tour"
6321,"Price Cutter Charity Championship presented by Dr Pepper","Web.com Tour",425,485,"Kent Bulle",15715,0.652842233286018,2.21221184737893,64,0.0041,0.0294,0.0674,"USA",82,"Web.com Tour"
6321,"Price Cutter Charity Championship presented by Dr Pepper","Web.com Tour",491,672,"Justin Hueber",18590,0.807634896073007,2.27368813150004,64,0.0041,0.0228,0.0538,"USA",82,"Web.com Tour"
6321,"Price Cutter Charity Championship presented by Dr Pepper","Web.com Tour",535,746,"Casey Wittenberg",8819,0.913301191488194,2.36657971790115,64,0.0041,0.0277,0.0574,"USA",45,"Web.com Tour"
6321,"Price Cutter Charity Championship presented by Dr Pepper","Web.com Tour",526,485,"Rick Lamb",18869,0.885502428121053,2.36732946237117,67,0.004,0.0276,0.0609,"USA",33,"Web.com Tour"
6321,"Price Cutter Charity Championship presented by Dr Pepper","Web.com Tour",422,952,"Jeff Gove",6390,0.649735735037373,2.15338053273874,68,0.0039,0.028,0.0618,"USA",40,"Web.com Tour"
6321,"Price Cutter Charity Championship presented by Dr Pepper","Web.com Tour",449,1130,"Mark Silvers",14705,0.719169716424111,2.27753883092988,68,0.0039,0.0298,0.0628,"USA",71,"Web.com Tour"
6321,"Price Cutter Charity Championship presented by Dr Pepper","Web.com Tour",471,653,"Steve Allan",5697,0.754130359569095,2.23327556819848,70,0.0038,0.0248,0.059,"AUS",91,"Web.com Tour"
6321,"Price Cutter Charity Championship presented by Dr Pepper","Web.com Tour",498,904,"Mackenzie Hughes",15556,0.830086571424045,2.24311109854261,71,0.0037,0.0236,0.0503,"CAN",77,"Web.com Tour"
6321,"Price Cutter Charity Championship presented by Dr Pepper","Web.com Tour",500,791,"Erik Barnes",14799,0.83457878850645,2.26632458286842,72,0.0035,0.0255,0.0588,"USA",55,"Web.com Tour"
6321,"Price Cutter Charity Championship presented by Dr Pepper","Web.com Tour",516,516,"Andrew Svoboda",11274,0.859554730667543,2.35460795025655,73,0.0034,0.0264,0.059,"USA",67,"Web.com Tour"
6321,"Price Cutter Charity Championship presented by Dr Pepper","Web.com Tour",662,1425,"Kurt Kitayama",21891,1.16624259262348,2.39053599594584,74,0.0033,0.0181,0.0376,"USA",28,"Web.com Tour"
6321,"Price Cutter Charity Championship presented by Dr Pepper","Web.com Tour",505,932,"Michael Hebert",18251,0.840379330127004,2.23333920175675,75,0.0032,0.023,0.0491,"USA",72,"Web.com Tour"
6321,"Price Cutter Charity Championship presented by Dr Pepper","Web.com Tour",530,1042,"Steve LeBrun",7099,0.899689624812541,2.30832621139082,75,0.0032,0.0234,0.0524,"USA",51,"Web.com Tour"
6321,"Price Cutter Charity Championship presented by Dr Pepper","Web.com Tour",571,389,"Josh Geary",9903,0.989657852218136,2.38627947226973,77,0.0031,0.0233,0.0496,"NZL",83,"Web.com Tour"
6321,"Price Cutter Charity Championship presented by Dr Pepper","Web.com Tour",513,894,"Todd Baek",12745,0.844923164318575,2.32844489115995,78,0.003,0.0249,0.058,"KOR",70,"Web.com Tour"
6321,"Price Cutter Charity Championship presented by Dr Pepper","Web.com Tour",570,821,"Nicholas Thompson",10889,0.987310213168619,2.28884966883045,78,0.003,0.0205,0.0432,"USA",33,"Web.com Tour"
6321,"Price Cutter Charity Championship presented by Dr Pepper","Web.com Tour",617,1014,"Hunter Hamrick",16242,1.07796979350733,2.35720844226355,78,0.003,0.018,0.0392,"USA",32,"Web.com Tour"
6321,"Price Cutter Charity Championship presented by Dr Pepper","Web.com Tour",565,835,"Drew Weaver",12416,0.980068254279708,2.31109386182291,81,0.0029,0.0192,0.0445,"USA",48,"Web.com Tour"
6321,"Price Cutter Charity Championship presented by Dr Pepper","Web.com Tour",800,776,"Jack Maguire",19869,1.41647143208276,2.66786798819156,81,0.0029,0.0172,0.0355,"USA",38,"Web.com Tour"
6321,"Price Cutter Charity Championship presented by Dr Pepper","Web.com Tour",602,896,"Jim Renner",12475,1.05617476131994,2.32402935349355,83,0.0026,0.0149,0.0399,"USA",51,"Web.com Tour"
6321,"Price Cutter Charity Championship presented by Dr Pepper","Web.com Tour",658,877,"Oliver Goss",16813,1.15635080880681,2.42295558758775,83,0.0026,0.0161,0.0413,"AUS",80,"Web.com Tour"
6321,"Price Cutter Charity Championship presented by Dr Pepper","Web.com Tour",709,945,"Ryan Yip",12083,1.25705413140838,2.49776752189485,83,0.0026,0.0156,0.0353,"CAN",72,"Web.com Tour"
6321,"Price Cutter Charity Championship presented by Dr Pepper","Web.com Tour",528,702,"Bryan Bigley",15329,0.895213001896787,2.19748178990926,86,0.0025,0.0182,0.0438,"USA",72,"Web.com Tour"
6321,"Price Cutter Charity Championship presented by Dr Pepper","Web.com Tour",541,861,"Tyler Duncan",18187,0.924859329577205,2.29838524056861,86,0.0025,0.0207,0.0466,"USA",84,"Web.com Tour"
6321,"Price Cutter Charity Championship presented by Dr Pepper","Web.com Tour",738,884,"Jason Allred",7804,1.30912029748788,2.47832218804657,86,0.0025,0.0147,0.0346,"USA",72,"Web.com Tour"
6321,"Price Cutter Charity Championship presented by Dr Pepper","Web.com Tour",452,1090,"Aaron Watkins",9932,0.721362678686921,2.15606520071724,89,0.0024,0.0258,0.0574,"USA",77,"Web.com Tour"
6321,"Price Cutter Charity Championship presented by Dr Pepper","Web.com Tour",522,911,"Brad Elder",6204,0.874866454557903,2.18726381696949,89,0.0024,0.0173,0.042,"USA",90,"Web.com Tour"
6321,"Price Cutter Charity Championship presented by Dr Pepper","Web.com Tour",551,593,"Sam Ryder",16715,0.949548603650214,2.2639851819689,89,0.0024,0.0166,0.0408,"USA",53,"Web.com Tour"
6321,"Price Cutter Charity Championship presented by Dr Pepper","Web.com Tour",589,840,"Andy Winings",14807,1.04137471915975,2.22430746082567,89,0.0024,0.0139,0.0363,"USA",72,"Web.com Tour"
6321,"Price Cutter Charity Championship presented by Dr Pepper","Web.com Tour",622,451,"Juan Sebastian Munoz",20770,1.08275387827624,2.39662224981813,89,0.0024,0.0189,0.0426,"COL",64,"Web.com Tour"
6321,"Price Cutter Charity Championship presented by Dr Pepper","Web.com Tour",539,788,"Timothy Madigan",18535,0.919382661097018,2.20677459742118,94,0.002,0.015,0.0375,"USA",70,"Web.com Tour"
6321,"Price Cutter Charity Championship presented by Dr Pepper","Web.com Tour",678,999,"Chris Naegel",17345,1.20148949074818,2.40970398026391,94,0.002,0.0133,0.0324,"USA",55,"Web.com Tour"
6321,"Price Cutter Charity Championship presented by Dr Pepper","Web.com Tour",835,705,"Jorge Fernandez-Valdes",16786,1.48919245127291,2.61916756791253,94,0.002,0.0128,0.0298,"ARG",83,"Web.com Tour"
6321,"Price Cutter Charity Championship presented by Dr Pepper","Web.com Tour",573,938,"Travis Bertoni",12563,0.996610887594552,2.23116005560722,97,0.0019,0.0163,0.0387,"USA",77,"Web.com Tour"
6321,"Price Cutter Charity Championship presented by Dr Pepper","Web.com Tour",680,1014,"Oscar Fraustro",9834,1.20523655995855,2.3971885193523,97,0.0019,0.0149,0.0376,"MEX",75,"Web.com Tour"
6321,"Price Cutter Charity Championship presented by Dr Pepper","Web.com Tour",682,1199,"Ian Davis",18589,1.20724460755501,2.2685136329901,97,0.0019,0.0102,0.0281,"USA",79,"Web.com Tour"
6321,"Price Cutter Charity Championship presented by Dr Pepper","Web.com Tour",733,1180,"Michael Arnaud",13815,1.30415856723095,2.38723669187719,97,0.0019,0.0116,0.0292,"USA",72,"Web.com Tour"
6321,"Price Cutter Charity Championship presented by Dr Pepper","Web.com Tour",659,1441,"Matt Harmon",12385,1.15914932190964,2.33413895170414,101,0.0018,0.0127,0.0313,"USA",65,"Web.com Tour"
6321,"Price Cutter Charity Championship presented by Dr Pepper","Web.com Tour",801,1088,"Chase Wright",16807,1.41944489677446,2.42032539193274,101,0.0018,0.0104,0.0232,"USA",63,"Web.com Tour"
6321,"Price Cutter Charity Championship presented by Dr Pepper","Web.com Tour",728,1841,"Kyle Jones",19867,1.29286000465528,2.33459499596302,103,0.0017,0.0109,0.0266,"USA",50,"Web.com Tour"
6321,"Price Cutter Charity Championship presented by Dr Pepper","Web.com Tour",729,1719,"Jhared Hack",14457,1.29735193022708,2.30707672002048,104,0.0016,0.0094,0.0246,"USA",46,"Web.com Tour"
6321,"Price Cutter Charity Championship presented by Dr Pepper","Web.com Tour",660,642,"Taylor Pendrith",17780,1.16315086085789,2.36714278550675,105,0.0015,0.0131,0.0359,"CAN",65,"Web.com Tour"
6321,"Price Cutter Charity Championship presented by Dr Pepper","Web.com Tour",683,739,"Andrew Yun",15614,1.20831473793714,2.35916512875566,105,0.0015,0.0128,0.0304,"USA",73,"Web.com Tour"
6321,"Price Cutter Charity Championship presented by Dr Pepper","Web.com Tour",711,684,"Blake Adams",12088,1.25739853909634,2.37559426743259,107,0.0014,0.0129,0.0309,"USA",57,"Web.com Tour"
6321,"Price Cutter Charity Championship presented by Dr Pepper","Web.com Tour",979,1841,"Jesse Speirs",15709,1.72810782682486,2.47660529390828,107,0.0014,0.007,0.0156,"USA",41,"Web.com Tour"
6321,"Price Cutter Charity Championship presented by Dr Pepper","Web.com Tour",621,667,"Brady Schnell",12414,1.08209960299415,2.23953753327678,109,0.0013,0.0135,0.0316,"USA",67,"Web.com Tour"
6321,"Price Cutter Charity Championship presented by Dr Pepper","Web.com Tour",815,1841,"Reid Edstrom",8848,1.45752911337674,2.45241717326388,109,0.0013,0.009,0.0209,"USA",28,"Web.com Tour"
6321,"Price Cutter Charity Championship presented by Dr Pepper","Web.com Tour",744,1841,"Doug Letson",19746,1.3213177570046,2.31872260595666,111,0.0012,0.0072,0.0223,"USA",65,"Web.com Tour"
6321,"Price Cutter Charity Championship presented by Dr Pepper","Web.com Tour",701,538,"Bryden MacPherson",14378,1.24214642314986,2.36310701997609,112,0.0011,0.0113,0.0264,"AUS",92,"Web.com Tour"
6321,"Price Cutter Charity Championship presented by Dr Pepper","Web.com Tour",713,1670,"Vince India",15793,1.2606290396766,2.30158862544117,112,0.0011,0.0092,0.0225,"USA",58,"Web.com Tour"
6321,"Price Cutter Charity Championship presented by Dr Pepper","Web.com Tour",756,823,"Diego Velasquez",14840,1.34371940424818,2.38408770626498,112,0.0011,0.0106,0.0265,"USA",57,"Web.com Tour"
6321,"Price Cutter Charity Championship presented by Dr Pepper","Web.com Tour",769,1841,"Kyle Scott",15861,1.36624478032088,2.2706721663668,112,0.0011,0.0075,0.0196,"RSA",51,"Web.com Tour"
6321,"Price Cutter Charity Championship presented by Dr Pepper","Web.com Tour",977,807,"Steven Fox",17059,1.72731779930775,2.48661720033303,116,0.001,0.0059,0.0159,"USA",64,"Web.com Tour"
6321,"Price Cutter Charity Championship presented by Dr Pepper","Web.com Tour",912,1081,"Ben Kohles",16395,1.62698295166007,2.34136806240056,117,8e-04,0.0048,0.0126,"USA",52,"Web.com Tour"
6321,"Price Cutter Charity Championship presented by Dr Pepper","Web.com Tour",913,1841,"Adam Mitchell",13522,1.62875441828374,2.41614158726256,117,8e-04,0.0064,0.0172,"USA",43,"Web.com Tour"
6321,"Price Cutter Charity Championship presented by Dr Pepper","Web.com Tour",821,645,"John Mallinger",9027,1.47361466517107,2.42209880850057,119,7e-04,0.0083,0.0208,"USA",53,"Web.com Tour"
6321,"Price Cutter Charity Championship presented by Dr Pepper","Web.com Tour",831,1242,"Russell Surber",9200,1.48407344443734,2.36516515367026,119,7e-04,0.0082,0.0223,"USA",53,"Web.com Tour"
6321,"Price Cutter Charity Championship presented by Dr Pepper","Web.com Tour",939,1822,"Scott Gardiner",6270,1.6679381866725,2.33206142922279,119,7e-04,0.0046,0.0117,"AUS",37,"Web.com Tour"
6321,"Price Cutter Charity Championship presented by Dr Pepper","Web.com Tour",894,759,"Daniel Mazziotta",18195,1.60011465768977,2.39472693753928,122,6e-04,0.0064,0.0154,"USA",53,"Web.com Tour"
6321,"Price Cutter Charity Championship presented by Dr Pepper","Web.com Tour",919,1841,"Hunter Haas",6594,1.63760483612291,2.38424988850782,122,6e-04,0.0039,0.0137,"USA",8,NA
6321,"Price Cutter Charity Championship presented by Dr Pepper","Web.com Tour",1086,961,"Peter Lonard",4122,1.91089305451075,2.42706007911134,122,6e-04,0.0031,0.0082,"AUS",68,"Web.com Tour"
6321,"Price Cutter Charity Championship presented by Dr Pepper","Web.com Tour",766,811,"Adam Cornelson",15423,1.3620672958799,2.24533824156984,125,5e-04,0.0064,0.0183,"CAN",39,"PGA Tour Canada"
6321,"Price Cutter Charity Championship presented by Dr Pepper","Web.com Tour",804,1347,"Chris Wilson",7432,1.42863828962694,2.25206411102239,126,4e-04,0.0054,0.0172,"USA",59,"Web.com Tour"
6321,"Price Cutter Charity Championship presented by Dr Pepper","Web.com Tour",837,1334,"B.J. Staten",7642,1.49830087066038,2.28013399267761,126,4e-04,0.0053,0.0152,"USA",47,"Web.com Tour"
6321,"Price Cutter Charity Championship presented by Dr Pepper","Web.com Tour",1027,1247,"Benjamin Silverman",17381,1.81918528228911,2.32645779700251,126,4e-04,0.004,0.0092,"USA",54,"Web.com Tour"
6321,"Price Cutter Charity Championship presented by Dr Pepper","Web.com Tour",1211,1066,"Alex Aragon",7623,2.10860582677772,2.49905632880155,126,4e-04,0.0031,0.0079,"USA",32,"Web.com Tour"
6321,"Price Cutter Charity Championship presented by Dr Pepper","Web.com Tour",786,1841,"Chas Narramore",15718,1.39611826989229,2.32159113003148,130,3e-04,0.0079,0.0191,"USA",52,"Web.com Tour"
6321,"Price Cutter Charity Championship presented by Dr Pepper","Web.com Tour",1102,880,"Mathew Goggin",3756,1.93699775905723,2.51990962189248,130,3e-04,0.0045,0.0119,"AUS",81,"Web.com Tour"
6321,"Price Cutter Charity Championship presented by Dr Pepper","Web.com Tour",1113,925,"Tommy Cocha",12805,1.96334708261416,2.43700255336572,130,3e-04,0.0023,0.0083,"ARG",65,"Web.com Tour"
6321,"Price Cutter Charity Championship presented by Dr Pepper","Web.com Tour",1020,1351,"Benjamin Alvarado",12547,1.80252629473763,2.27701439547606,133,2e-04,0.0021,0.0055,"CHI",31,"Web.com Tour"
6321,"Price Cutter Charity Championship presented by Dr Pepper","Web.com Tour",1145,1841,"Jonathan Fricke",10194,2.01681528859382,2.37856491979284,133,2e-04,0.0013,0.0054,"USA",41,"Web.com Tour"
6321,"Price Cutter Charity Championship presented by Dr Pepper","Web.com Tour",1009,1020,"Ricardo Celia",19000,1.78331296993709,2.32378580162115,135,1e-04,0.0027,0.0077,"COL",55,"Web.com Tour"
6321,"Price Cutter Charity Championship presented by Dr Pepper","Web.com Tour",1273,1841,"Justin Peters",8663,2.22718933040037,2.40495231910062,135,1e-04,0.0015,0.0031,"USA",29,"Web.com Tour"
6321,"Price Cutter Charity Championship presented by Dr Pepper","Web.com Tour",NA,NA,"Lucas Kim",17855,3,2.5,135,1e-04,1e-04,7e-04,NA,NA,NA
6321,"Price Cutter Charity Championship presented by Dr Pepper","Web.com Tour",1920,1841,"Steve Friesen",7816,3.23286368362278,2.32375891982084,138,0,0,5e-04,"USA",16,NA
6321,"Price Cutter Charity Championship presented by Dr Pepper","Web.com Tour",NA,NA,"Omar Uresti",5183,3,2.5,138,0,1e-04,6e-04,NA,NA,NA
6321,"Price Cutter Charity Championship presented by Dr Pepper","Web.com Tour",NA,NA,"Jay McLuen",11793,3,2.5,138,0,1e-04,4e-04,NA,NA,NA
6321,"Price Cutter Charity Championship presented by Dr Pepper","Web.com Tour",NA,NA,"Chris Thompson",11983,3,2.5,138,0,2e-04,9e-04,NA,NA,NA
6321,"Price Cutter Charity Championship presented by Dr Pepper","Web.com Tour",NA,NA,"Mark Blakefield",13104,3,2.5,138,0,1e-04,7e-04,NA,NA,NA
6321,"Price Cutter Charity Championship presented by Dr Pepper","Web.com Tour",NA,NA,"Michael Gellerman",19909,3,2.5,138,0,2e-04,7e-04,NA,NA,NA
